{"domain_accuracy_table":{"_latest_artifact_path":"wandb-client-artifact://d9s70kpph9mf145cupyjlmehowa7d8moybkwrf358k8egmzxayhf5ax32d6u418g01ojjvehlbgm1xp2gw1db74yrj2m9kwp9exw6y08xn1ih3gtntln4066i3hdysiu:latest/domain_accuracy_table.table.json","path":"media/table/domain_accuracy_table_782_e3456041605f15713eee.table.json","ncols":2,"nrows":1,"_type":"table-file","sha256":"e3456041605f15713eeec5b10d27e84570098f8dd87887a5fb6330ec805f3d24","size":89,"artifact_path":"wandb-client-artifact://ir7ddbay4jc5kqy5jb5xpkf6orkfo58mhooyngrb943vl7wzbvbbdfmr754pc1c1u3rt8i29zuenvki6rfzi1uyta8c3yjsootpo1ypbyll9ujef8svc041qswzgojyn/domain_accuracy_table.table.json"},"_wandb":{"runtime":114},"_step":782,"step_train_loss":0.0009719376685097814,"cumulative_train_loss":7.32821683475891,"_timestamp":1.7310486699943333e+09,"_runtime":114.775300065,"train_loss":7.32821683475891}