{"cumulative_train_loss":4.729580869998563,"_wandb":{"runtime":67},"_timestamp":1.7310467345892508e+09,"_runtime":67.44760275,"_step":855,"step_train_loss":0.17243875563144684}