{"step_train_loss":0.022693490609526634,"_wandb":{"runtime":156},"cumulative_train_loss":0.46002269250929356,"_timestamp":1.7310512122219892e+09,"_runtime":112.499693673,"_step":781}