{"_timestamp":1.732434578055951e+09,"_runtime":13.89390034,"_step":11,"_wandb":{"runtime":14},"step_train_loss":0.02789011038839817}