{"domain_accuracy":{"_type":"plotly-file","sha256":"96cd2cf72acc259fdcb704a12d0e8335968598c9e8486b06383ccc9d961f79f2","size":8437,"path":"media/plotly/domain_accuracy_391_96cd2cf72acc259fdcb7.plotly.json"},"_wandb":{"runtime":509},"step_train_loss":0.023141562938690186,"_timestamp":1.7324361957227263e+09,"_runtime":508.82025346,"_step":591}