{"_runtime":154.900953625,"_step":780,"step_train_loss":0.06004874408245087,"cumulative_train_loss":0.06968694832295218,"_wandb":{"runtime":155},"_timestamp":1.7310639569627879e+09}