{"_wandb":{"runtime":158},"_step":781,"step_train_loss":6.0746104281861335e-05,"cumulative_train_loss":0.11461331129562935,"_timestamp":1.7310496753720138e+09,"_runtime":114.579144487}