{"cumulative_train_loss":0.6308266258625642,"_timestamp":1.7310535050171769e+09,"_runtime":561.227495411,"_step":2989,"domain_accuracy":{"height":600,"_type":"image-file","sha256":"82e94c3805b61c893c1fe9881ed29932999e6f3091e6f141bc6f275e911c79ae","size":37932,"path":"media/images/domain_accuracy_2348_82e94c3805b61c893c1f.png","format":"png","width":1000},"_wandb":{"runtime":561},"step_train_loss":0.1299349069595337}