{"_wandb":{"runtime":64},"_timestamp":1.7324346936789515e+09,"_runtime":63.27773366,"_step":70,"step_train_loss":0.028778253123164177}