{"cumulative_train_loss":0.0056287713754826635,"_timestamp":1.7313321468614504e+09,"_runtime":1337.769195114,"_step":3024,"domain_accuracy":{"size":15384,"path":"media/plotly/domain_accuracy_2985_d4bbe7e13a1bc22812f6.plotly.json","_type":"plotly-file","sha256":"d4bbe7e13a1bc22812f6e25c2481fff06f6ee2a138eeb27501c2e2bb15509812"},"_wandb":{"runtime":1338},"step_train_loss":0.005430791527032852}