{"domain_accuracy":{"path":"media/plotly/domain_accuracy_2954_51517030bb307f4a0c27.plotly.json","_type":"plotly-file","sha256":"51517030bb307f4a0c27eb683f51c2ac3486e6c3c9a528679777ffc0ee664b36","size":14965},"_wandb":{"runtime":1332},"cumulative_train_loss":0.010522483415603637,"_timestamp":1.7310677992738094e+09,"_runtime":1332.224701813,"_step":2954,"step_train_loss":0.03645856082439423}