{"_wandb":{"runtime":26},"step_train_loss":0.0283518023788929,"_timestamp":1.7324349703994205e+09,"_runtime":25.465871632,"_step":33}