{"step_train_loss":0.7598291039466858,"cumulative_train_loss":6.982878295722951,"_timestamp":1.7310462649277117e+09,"_runtime":45.079076676,"_step":557,"_wandb":{"runtime":45}}