{"cumulative_train_loss":7.32821683475891,"_timestamp":1.7310489505973885e+09,"_runtime":116.575752956,"_step":782,"train_loss":7.32821683475891,"domain_accuracy_table":{"artifact_path":"wandb-client-artifact://tbx5tntsoqouge63rdwnvmbkhr244eb2drtqu22tmb3fcuq46i71r1jerxahz9wzjehysxx136yvz2ww1dbv05dx8szripu2xng7xl69q3dcvdiotmf1yai5850yqz9q/domain_accuracy_table.table.json","_latest_artifact_path":"wandb-client-artifact://9ydalwtk98zfysibehp8tmqsl0eg8avbq01ex4iaiv6afkqyx3mqm6s1jv9sxuj7hojjw1zox3ckkv3dh956bs8to032nijfqer7i9l1qdeqcar4busbnjkxn38cbw5j:latest/domain_accuracy_table.table.json","path":"media/table/domain_accuracy_table_782_e3456041605f15713eee.table.json","ncols":2,"nrows":1,"_type":"table-file","sha256":"e3456041605f15713eeec5b10d27e84570098f8dd87887a5fb6330ec805f3d24","size":89},"_wandb":{"runtime":116},"step_train_loss":0.0009719376685097814}