{"_timestamp":1.7313274614845414e+09,"_runtime":1298.823095417,"_step":2954,"domain_accuracy":{"sha256":"672f7e3184dcc51ded2553980368a4cb926d5b4d73b87634b45fd32eafafbc58","size":14964,"path":"media/plotly/domain_accuracy_2954_672f7e3184dcc51ded25.plotly.json","_type":"plotly-file"},"_wandb":{"runtime":1298},"step_train_loss":0.041014406085014346,"cumulative_train_loss":0.010910368347167968}