{"_timestamp":1.7310536262606273e+09,"_runtime":114.544650008,"_step":781,"_wandb":{"runtime":131},"step_train_loss":0.04033340513706207,"cumulative_train_loss":0.4567660014414787}