{"step_train_loss":0.05805937945842743,"cumulative_train_loss":0.06905402167403436,"_timestamp":1.731066232020097e+09,"_wandb":{"runtime":64},"_runtime":64.630452988,"_step":363}