{"cumulative_train_loss":7.32821683475891,"_timestamp":1.7310492334020472e+09,"_wandb":{"runtime":157},"_runtime":114.161357357,"_step":781,"step_train_loss":0.0009719376685097814}