{"_step":16,"step_train_loss":0.028672583401203156,"_timestamp":1.732434550877684e+09,"_runtime":17.911532179,"_wandb":{"runtime":18}}