{"step_train_loss":0.04448120296001434,"cumulative_train_loss":0.046202966348922,"_timestamp":1.731335356896595e+09,"_runtime":28.983841871,"_step":46,"_wandb":{"runtime":29}}