{"_timestamp":1.7310468568706872e+09,"_runtime":114.861136191,"_step":782,"step_train_loss":0.0009719376685097814,"train_loss":7.32821683475891,"domain_accuracy_table":{"size":89,"artifact_path":"wandb-client-artifact://o5qlqm10ktdc5ggatcukp5nc5koaviffbxg2xbpg8mqglyh8fbh1v96r0ho7yrq12gdpmdmhep4qyuy4b4st5lm3opj984m0qbki41k2w3z2uzrihahwe9jfht3xc7qh/domain_accuracy_table.table.json","_latest_artifact_path":"wandb-client-artifact://m33sh9m5czmkcvcj7ju9u5c1orvu8thsmk5jxklsh94n5wcrzy47f2v91h1hzzr1k97f3k06b220nm46o2yeu01grk04mzzlqysbg246255xr9q0itw18ymtiggwkift:latest/domain_accuracy_table.table.json","path":"media/table/domain_accuracy_table_782_e3456041605f15713eee.table.json","ncols":2,"nrows":1,"_type":"table-file","sha256":"e3456041605f15713eeec5b10d27e84570098f8dd87887a5fb6330ec805f3d24"},"_wandb":{"runtime":114},"cumulative_train_loss":7.32821683475891}