{"_runtime":1964.331996078,"_step":6476,"domain_accuracy":{"_type":"plotly-file","sha256":"de866941adf0b2bd4e626b71acdf994207c4bbc0b59f82643e2ee4185caed610","size":17145,"path":"media/plotly/domain_accuracy_6179_de866941adf0b2bd4e62.plotly.json"},"_wandb":{"runtime":1964},"step_train_loss":0.02055542543530464,"cumulative_train_loss":0.021045667373321274,"_timestamp":1.7313374205487087e+09}