{"_wandb":{"runtime":26},"step_train_loss":0.029512207955121994,"_timestamp":1.7324344975438204e+09,"_runtime":25.497291684,"_step":25}