{"_timestamp":1.7310499307601326e+09,"_runtime":36.039390387,"_wandb":{"runtime":36},"_step":228,"step_train_loss":0.06779664754867554,"cumulative_train_loss":0.34597366125074797}