{"_runtime":66.273950026,"_step":195,"_wandb":{"runtime":69},"step_train_loss":0.051191681623458864,"cumulative_train_loss":0.016518156876564025,"_timestamp":1.7310663799228652e+09}