{"train_loss":7.32821683475891,"domain_accuracy_table":{"sha256":"e3456041605f15713eeec5b10d27e84570098f8dd87887a5fb6330ec805f3d24","size":89,"artifact_path":"wandb-client-artifact://a9v160p01bmw4slk4z6etou2rbs4ngcx0f3722q580hgaxsad69ho7e2k8yrempvq92gc08h5c56wdmc8470ggicnyq1cn25qix7wsjv6s13ulw70tbtzz7iq8jjveu8/domain_accuracy_table.table.json","_latest_artifact_path":"wandb-client-artifact://bkfce9s7j8kunf7t9asgzh12dj5qjbj8xcgnfmlmw8pxdi0a1phcts5ji2q8y9onbc1fgmnihlprsy2vkybikvur01x0ugny2ro3zpygl9diuaupg4euep0qlfthaws5:latest/domain_accuracy_table.table.json","path":"media/table/domain_accuracy_table_782_e3456041605f15713eee.table.json","ncols":2,"nrows":1,"_type":"table-file"},"_wandb":{"runtime":114},"step_train_loss":0.0009719376685097814,"cumulative_train_loss":7.32821683475891,"_timestamp":1.7310471874389257e+09,"_runtime":114.490416142,"_step":782}