{"cumulative_train_loss":0.011159220979092258,"_timestamp":1.7313332216099207e+09,"domain_accuracy":{"path":"media/plotly/domain_accuracy_149_df375e4ce833acb08881.plotly.json","_type":"plotly-file","sha256":"df375e4ce833acb088813c2f8f62e6fa66cc50a94784bddf99fd563ea2401fe0","size":8390},"_wandb":{"runtime":137},"_runtime":137.848906668,"_step":149,"step_train_loss":0.02094427744547526}