{"_step":781,"step_train_loss":0.022693490609526634,"cumulative_train_loss":0.46002269250929356,"_timestamp":1.7310508123120985e+09,"_wandb":{"runtime":154},"_runtime":111.212769862}