{"step_train_loss":0.09604635089635849,"cumulative_train_loss":0.09520849886170604,"_timestamp":1.7313352912963116e+09,"_runtime":538.02710397,"_step":958,"domain_accuracy":{"_type":"plotly-file","sha256":"d65858e79003f016223989c805502a2d2d5063cb68dabbb20c4f1a071a7da9b1","size":8839,"path":"media/plotly/domain_accuracy_901_d65858e79003f0162239.plotly.json"},"_wandb":{"runtime":538}}