{"_runtime":2310.793637239,"_step":11744,"domain_accuracy":{"size":14966,"path":"media/plotly/domain_accuracy_11744_b1546878d37c00676da5.plotly.json","_type":"plotly-file","sha256":"b1546878d37c00676da5c7241d6fb9a3f0c54258b7d9badf0fe0f7d7c977c559"},"_wandb":{"runtime":2310},"step_train_loss":0.0565805621445179,"cumulative_train_loss":0.9126847885096073,"_timestamp":1.7310561575016956e+09}