{"domain_accuracy_table":{"_latest_artifact_path":"wandb-client-artifact://ln2u67n5omzbszd1s7v6sxzn7f5z7gvgk5zckxdg1jepsxl98kzmenes5ukybofqsxxfuggq2roj179ejes3b8ckmjunwc68jdcgrg8iamr7rq24qxnvero6s6beyl98:latest/domain_accuracy_table.table.json","path":"media/table/domain_accuracy_table_782_e3456041605f15713eee.table.json","ncols":2,"nrows":1,"_type":"table-file","sha256":"e3456041605f15713eeec5b10d27e84570098f8dd87887a5fb6330ec805f3d24","size":89,"artifact_path":"wandb-client-artifact://b2bzslebtd5nij9xwf6h7ixv1bvbvgv3l15zfmjzs8hs3tpv1ri1t66uedzezxgcyju68r80xcob7tyoinxds4811yr3fg3s5nrvroty0yfjp8p1swb20wfda49e1emj/domain_accuracy_table.table.json"},"_wandb":{"runtime":115},"step_train_loss":0.0009719376685097814,"cumulative_train_loss":7.32821683475891,"_timestamp":1.7310477494090915e+09,"_runtime":115.690995843,"_step":782,"train_loss":7.32821683475891}