{"_wandb":{"runtime":29},"_runtime":28.932738853,"_step":29,"step_train_loss":0.029839977622032166,"_timestamp":1.7324347428548455e+09}