{"step_train_loss":0.0589163601398468,"_wandb":{"runtime":68},"cumulative_train_loss":0.06846964619766471,"_timestamp":1.7310663075095007e+09,"_runtime":68.10487865,"_step":388}