{"_wandb":{"runtime":5624},"step_train_loss":0.021509408950805664,"cumulative_train_loss":0.021879049509556756,"_timestamp":1.7322614685183854e+09,"_runtime":5619.972325889,"_step":4835,"domain_accuracy":{"size":13924,"path":"media/plotly/domain_accuracy_4763_74ebaba0e738286ac3a6.plotly.json","_type":"plotly-file","sha256":"74ebaba0e738286ac3a6ccb1778611c9e7b4b9f751c2470e61dc99a53c132636"}}