{"_runtime":2308.085692704,"_step":11744,"domain_accuracy":{"_type":"plotly-file","sha256":"afca1c964b5ab3e73ad064c79ca38f42272383e20df019dbb19725a2812a9786","size":14966,"path":"media/plotly/domain_accuracy_11744_afca1c964b5ab3e73ad0.plotly.json"},"_wandb":{"runtime":2308},"step_train_loss":0.156922847032547,"cumulative_train_loss":0.033871003515720366,"_timestamp":1.7310635852431314e+09}