{"_step":781,"_wandb":{"runtime":157},"step_train_loss":6.0746104281861335e-05,"cumulative_train_loss":0.11461331129562935,"_timestamp":1.731049496140842e+09,"_runtime":114.587523196}