{"cumulative_train_loss":0.4567660014414787,"_timestamp":1.7310537647981987e+09,"_runtime":115.340881305,"_step":781,"_wandb":{"runtime":160},"step_train_loss":0.04033340513706207}