{"_wandb":{"runtime":7678},"step_train_loss":15.679882049560547,"_timestamp":1.732266720265062e+09,"_runtime":7678.212771228,"_step":6714,"domain_accuracy":{"size":18003,"path":"media/plotly/domain_accuracy_6714_2de3b4813c88324e9c25.plotly.json","_type":"plotly-file","sha256":"2de3b4813c88324e9c25d90cb8b87f752264f776c2ba55d26976919c89d9f2d1"}}