{"_timestamp":1.7313339359700098e+09,"domain_accuracy":{"_type":"plotly-file","sha256":"24fdf11399cc9998ae867f24f3ee81a75e7b9ee5292d0b071d800a6f29d270d0","size":9307,"path":"media/plotly/domain_accuracy_843_24fdf11399cc9998ae86.plotly.json"},"_wandb":{"runtime":355},"_runtime":337.033300988,"_step":1234,"step_train_loss":0.045160070061683655,"cumulative_train_loss":0.030967321710586547}