{"_timestamp":1.7310463916676536e+09,"_runtime":119.211071145,"_step":1563,"step_train_loss":0.3363194465637207,"train_loss":2.720481984510361,"accuracy":0.00214,"_wandb":{"runtime":119},"cumulative_train_loss":2.720481984510361}